{
  "version": "2019.2",
  "applications": [],
  "platforms": [
    {
      "name": "system_prj"
    }
  ],
  "systems": [
    {
      "name": "data_gather_prj_system",
      "platform": "C:/workspace/vitis_workspace/system_prj/export/system_prj/system_prj.xpfm",
      "sysConfig": "system_prj",
      "applications": [
        {
          "name": "data_gather_prj",
          "platform": "C:/workspace/vitis_workspace/system_prj/export/system_prj/system_prj.xpfm",
          "platformPath": "C:\\workspace\\vitis_workspace\\system_prj\\export\\system_prj",
          "sysConfig": "system_prj",
          "domain": "freertos10_xilinx_domain",
          "system": "data_gather_prj_system"
        }
      ],
      "platformPath": "C:\\workspace\\vitis_workspace\\system_prj\\export\\system_prj"
    },
    {
      "name": "ethernet_prj_system",
      "platform": "C:/workspace/vitis_workspace/system_prj/export/system_prj/system_prj.xpfm",
      "sysConfig": "system_prj",
      "applications": [
        {
          "name": "ethernet_prj",
          "platform": "C:/workspace/vitis_workspace/system_prj/export/system_prj/system_prj.xpfm",
          "platformPath": "C:\\workspace\\vitis_workspace\\system_prj\\export\\system_prj",
          "sysConfig": "system_prj",
          "domain": "freertos10_xilinx_domain",
          "system": "ethernet_prj_system"
        }
      ],
      "platformPath": "C:\\workspace\\vitis_workspace\\system_prj\\export\\system_prj"
    }
  ],
  "others": []
}